{"cameraMode":{"drawMode":0,"name":"Shaded","section":"Shading Mode"},"sceneLighting":false,"audioPlay":false,"sceneViewState":{"showFog":true,"showMaterialUpdate":false,"showSkybox":false,"showFlares":true,"showImageEffects":true,"showParticleSystems":true},"in2DMode":false,"pivot":{"x":-0.36888787150382998,"y":-1.9001003503799439,"z":1.706688404083252},"rotation":{"x":-0.24668018519878388,"y":-0.023317843675613405,"z":0.0058624958619475369,"w":-0.9688610434532166},"size":5.244044303894043,"orthographic":false}